"id","id_name","Heading_date","Plant_height","Num_panicles","Num_effective_panicles","Yield","Grain_weight","Spikelet_length","Grain_length","Grain_width","Grain_thickness"
"1","C001","80","144.13000488","10.800000191","10.800000190734863","24.129999161","21.600000381","19.280000686646","8.5","2.9000000954","1.960000038147"
"2","C002","96","177.61999512","7.8000001907","7.800000190734863","15.180000305","22.020000458","27.739999771118","10.199999809","2.6300001144","1.960000038147"
"3","C003","82","141.57000732","8.5","8.5","24.540000916","25.75","26.370000839233","8.75","3.3199999332","2.1199998855591"
"4","C004","84","140.3999939","15.199999809","15.199999809265137","18.819999695","22.079999924","21.75","7.8299999237","3.2200000286","2.0799999237061"
"5","C005","102","163.33000183","5.8000001907","5.800000190734863","22.5","28.979999542","30.479999542236","10.470000267","3","1.9500000476837"
"6","C006","91","108.23000336","9.75","9.75","13.960000038","15.550000191","22.60000038147","8.1000003815","2.4700000286","1.6900000572205"
"7","C007","91","107.97000122","13.800000191","13.800000190734863","20.440000534","15.210000038","22.090000152588","8.3500003815","2.4700000286","1.7200000286102"
"8","C008","143","87.470001221","12.199999809","12.199999809265137","6.0300002098","14.909999847","20.209999084473","7.6199998856","2.8299999237","1.75"
"9","C009","93","106.80000305","9.25","9.25","29.620000839","22.850000381","20.129999160767","7.8299999237","3.2000000477","2.0599999427795"
"10","C010","96","106.69999695","8","8","21.36000061","21.180000305","21.549999237061","9.6000003815","2.6300001144","1.8999999761581"
"11","C011","109","100.43000031","12.399999619","12.399999618530273","24.11000061","23","26.489999771118","9.279999733","2.8199999332","1.9400000572205"
"12","C012","97","114.09999847","9.1999998093","9.199999809265137","22.969999313","18.180000305","22.090000152588","7.9499998093","3.6300001144","1.9900000095367"
"13","C013","91","150.42999268","11.199999809","11.199999809265137","25.709999084","19.040000916","20.14999961853","7.9200000763","3.0199999809","1.9199999570847"
"14","C014","78","82.430000305","10.399999619","10.399999618530273","22.38999939","22.969999313","17.510000228882","8.4799995422","3.4500000477","2.0299999713898"
"15","C015","89","152.19999695","8.1999998093","8.199999809265137","23.25","23.459999084","25.329999923706","9.4499998093","2.9800000191","1.9900000095367"
"16","C016","53","77.730003357","15.75","15.75","12.430000305","17.120000839","14.869999885559","7.6300001144","3.4800000191","2.2400000095367"
"17","C017","50","92.669998169","8.3299999237","8.329999923706055","8.9399995804","20.899999619","18.829999923706","8.0699996948","3.5199999809","2.2699999809265"
"18","C018","60","78.269996643","16.200000763","16.200000762939453","14.890000343","17.850000381","15.069999694824","7.5700001717","3.7200000286","2.2699999809265"
"19","C019","72","80.25","13","13","14.970000267","20.850000381","20.170000076294","7.9200000763","3.2699999809","1.960000038147"
"20","C020","71","78.169998169","10.800000191","10.800000190734863","21.409999847","22.120000839","19.409999847412","7.5300002098","3.5199999809","2.0999999046326"
"21","C021","71","80.830001831","11.600000381","11.600000381469727","24.079999924","19.239999771","18.959999084473","7.4800000191","3.0699999332","1.9800000190735"
"22","C022","70","77.300003052","20.5","13.75","21.100000381","17.829999924","18.35000038147","8.2700004578","2.7000000477","1.8300000429153"
"23","C023","73","89.38999939","17.799999237","17.799999237060547","27.129999161","20.590000153","20.35000038147","7.8800001144","3.5799999237","2"
"24","C024","74","85.330001831","11.800000191","11.600000381469727","21.540000916","21.190000534","18.770000457764","8.2299995422","3.3299999237","2"
"25","C025","90","82.830001831","12.199999809","12.199999809265137","25.690000534","20.799999237","17.590000152588","8.1499996185","3.0799999237","1.9400000572205"
"26","C026","80","104.69999695","10.199999809","10.199999809265137","25.88999939","22.170000076","19.39999961853","7.5799999237","3.6500000954","2.210000038147"
"27","C027","89","100.47000122","11.399999619","11.399999618530273","27.540000916","22.930000305","24.020000457764","10.079999924","2.8499999046","1.9900000095367"
"28","C028","81","86.970001221","8.8000001907","8.800000190734863","25.840000153","23.469999313","15.239999771118","7.2300000191","3.5199999809","2.2000000476837"
"29","C029","88","94","5.4000000954","5.400000095367432","19","17.760000229","21.129999160767","7.7699999809","4.0199999809","2"
"30","C030","92","99.569999695","10.399999619","10.399999618530273","33.029998779","21.799999237","24.379999160767","10.380000114","2.9300000668","2.0099999904633"
"31","C031","95","96.269996643","9","9","28.479999542","21.219999313","22.85000038147","9.1199998856","2.7799999714","1.8700000047684"
"32","C032","72","107.80000305","14.800000191","14.800000190734863","22.010000229","26.319999695","18.569999694824","8.1300001144","3.7200000286","2.1500000953674"
"33","C033","73","132.03999329","11","11","25.180000305","21.690000534","21.75","7.4200000763","3.3699998856","2.0199999809265"
"34","C034","83","110.5","15.5","15.5","30.280000687","20.299999237","23.690000534058","8.4499998093","3.4500000477","2.0099999904633"
"35","C035","75","102.58000183","16.5","14.75","15.550000191","21.809999466","18.860000610352","8.6000003815","3.6500000954","2.039999961853"
"36","C036","85","95.069999695","12","12","28.86000061","26.479999542","19.700000762939","9.6700000763","3.1300001144","2.039999961853"
"37","C037","85","105.33000183","9.6000003815","9.600000381469727","27.649999619","23.069999695","21.370000839233","7.8299999237","3.2300000191","2.0199999809265"
"38","C038","93","101.33000183","7.1999998093","7.199999809265137","20.549999237","22.260000229","25.159999847412","9.5500001907","2.8299999237","2.039999961853"
"39","C039","86","109.43000031","8.8000001907","8.800000190734863","30.069999695","23.950000763","22.020000457764","8.220000267","3.3299999237","2"
"40","C040","88","102.45999908","9","9","25.010000229","21.86000061","23.729999542236","7.6199998856","3.0499999523","1.960000038147"
"41","C041","91","113.09999847","7.5999999046","7.599999904632568","26.120000839","22.959999084","22.559999465942","8.1199998856","3.3199999332","1.9800000190735"
"42","C042","92","103.66999817","10.399999619","10.399999618530273","27.469999313","23.420000076","20.069999694824","7.6500000954","3.4700000286","2.1800000667572"
"43","C043","94","106.33000183","9","8.399999618530273","22.340000153","25.709999084","21.079999923706","8.1700000763","3.2000000477","1.9800000190735"
"44","C044","93","104.33000183","8.1999998093","8.199999809265137","20.219999313","22.629999161","21.569999694824","10","3.1800000668","2"
"45","C045","90","106.23000336","13.399999619","13.199999809265137","27.600000381","16.700000763","16.559999465942","8.029999733","2.4700000286","1.8099999427795"
"46","C046","91","172.36999512","12.600000381","12.600000381469727","28.5","21.940000534","26.319999694824","10.300000191","2.5999999046","1.8999999761581"
"47","C047","97","97.529998779","9.3999996185","9.399999618530273","22.120000839","22.719999313","25.450000762939","7.9000000954","3.2799999714","2.0299999713898"
"48","C048","89","97.330001831","8.8000001907","8.800000190734863","25.649999619","25.13999939","21.75","7.9499998093","3.7000000477","2.2999999523163"
"49","C049","93","103.12999725","7.4000000954","7.400000095367432","16.200000763","23.920000076","23.209999084473","10.220000267","3.0499999523","1.9400000572205"
"50","C050","100","108.80999756","8","8","23.950000763","24.930000305","26.860000610352","10.100000381","2.7699999809","1.8700000047684"
"51","C051","102","99.900001526","10.399999619","10.399999618530273","24.559999466","24.950000763","26.979999542236","9.029999733","3.1500000954","1.9800000190735"
"52","C052","95","107","8.8000001907","8.800000190734863","23.61000061","27.090000153","17.569999694824","7.7199997902","3.6199998856","2.289999961853"
"53","C053","110","116.62999725","9.1999998093","9.199999809265137","27.489999771","24.770000458","26.860000610352","10.5","3.0199999809","1.9099999666214"
"54","C054","102","97.900001526","13","12.670000076293945","24.280000687","26.840000153","19.14999961853","8.1499996185","3.5","2.1700000762939"
"55","C055","60","119.02999878","11.399999619","11.199999809265137","21.489999771","23.170000076","21.229999542236","7.9000000954","3.1500000954","2"
"56","C056","75","99.029998779","7","7","16.879999161","25.069999695","20.85000038147","8.220000267","3.8800001144","2.3099999427795"
"57","C057","84","123.62999725","6.75","6.75","18.280000687","18.829999924","23.120000839233","8.0799999237","3.7300000191","2.1099998950958"
"58","C058","87","103.69999695","6.5999999046","6.599999904632568","16.260000229","22.030000687","20.520000457764","7.8699998856","3.0999999046","1.9900000095367"
"59","C059","95","113.43000031","8.3999996185","8.399999618530273","24.25","23.659999847","22.370000839233","7.5999999046","3.2699999809","2.0299999713898"
"60","C060","93","114.73000336","10.199999809","10.199999809265137","25.520000458","21.680000305","23.989999771118","8.6800003052","2.7200000286","1.9400000572205"
"61","C061","106","109.37000275","8.8000001907","8.800000190734863","25.100000381","25.700000763","30.5","9.6800003052","2.8499999046","1.9900000095367"
"62","C062","94","105.5","10","10","14.31000042","28.920000076","22.020000457764","9.1199998856","3.5699999332","2.2699999809265"
"63","C063","106","115.54000092","13.75","13.75","42.220001221","19.799999237","23.25","7.2699999809","3.5","2.1099998950958"
"64","C064","109","103.30000305","12.199999809","12.199999809265137","23.280000687","23.649999619","16.420000076294","7.4299998283","3.5299999714","2.2000000476837"
"65","C065","121","109.06999969","12.199999809","12.199999809265137","27.86000061","22.680000305","22.270000457764","7.9800000191","3.2200000286","2.0499999523163"
"66","C066","74","120.26999664","21.329999924","21","22.280000687","19.430000305","22.700000762939","7.5500001907","3.2200000286","2.0799999237061"
"67","C067","85","117.93000031","9.1999998093","9.199999809265137","25.989999771","20.180000305","21.950000762939","7.9200000763","3.8499999046","1.8999999761581"
"68","C068","93","109.59999847","14","14","31.129999161","20.489999771","21.530000686646","9.6999998093","2.7200000286","1.8799999952316"
"69","C069","100","115.80000305","8.6000003815","8.600000381469727","27.129999161","24.209999084","29.290000915527","9.4799995422","2.9000000954","1.9400000572205"
"70","C070","76","97.800003052","6.8000001907","6.800000190734863","16.790000916","22.090000153","16.770000457764","7.6799998283","3.7799999714","2.2200000286102"
"71","C071","108","128.19999695","8.8000001907","8.800000190734863","26.850000381","26.079999924","22.680000305176","7.7300000191","3.9000000954","2.1099998950958"
"72","C072","85","158.07000732","10.600000381","10.600000381469727","28.469999313","23.670000076","22.629999160767","8.1999998093","3.2799999714","2.0799999237061"
"73","C073","89","167.83000183","7.4000000954","7.199999809265137","15.670000076","19.280000687","21.760000228882","8.3500003815","2.9000000954","1.8899999856949"
"74","C074","89","143.6499939","6.8000001907","6.800000190734863","17.510000229","30.350000381","22.389999389648","9.7700004578","3.5","2.1099998950958"
"75","C075","86","131.30000305","8","8","28.700000763","22.399999619","23.209999084473","7.9499998093","3.7999999523","2.3299999237061"
"76","C076","90","127.36000061","8.5","8.5","18.579999924","24.350000381","23.040000915527","7.6700000763","3.6500000954","2.1600000858307"
"77","C077","88","149.80000305","9.1999998093","9.199999809265137","14.779999733","21.510000229","21.75","8.1000003815","3.1300001144","2.0099999904633"
"78","C078","88","172.3999939","7","7","18.629999161","23.950000763","22.569999694824","8.470000267","3.5499999523","2.0699999332428"
"79","C079","85","143.32000732","6.1999998093","6.199999809265137","20.059999466","21.120000839","25.39999961853","7.3699998856","3.5699999332","2.1300001144409"
"80","C080","91","170.52999878","7.1999998093","7.199999809265137","23.690000534","22.579999924","22.479999542236","7.5799999237","3.25","2.0099999904633"
"81","C081","89","155.80000305","9","9","15.529999733","21.829999924","20.229999542236","8.4200000763","3.1199998856","2.0299999713898"
"82","C082","90","156.46000671","11.399999619","11.399999618530273","29.719999313","23.829999924","24.25","9.0500001907","3.9200000763","2.1900000572205"
"83","C083","91","174.69999695","9.8000001907","9.800000190734863","20.450000763","23.459999084","26.010000228882","8.8699998856","3.3499999046","2.0699999332428"
"84","C084","105","157.61999512","4.5999999046","4.599999904632568","9.1000003815","41.479999542","17.520000457764","10.329999924","4.3000001907","2.4300000667572"
"85","C085","91","147.1000061","5.1999998093","5.199999809265137","18.63999939","25.520000458","25.709999084473","8.3999996185","3.9800000191","2.2200000286102"
"86","C086","100","147.16999817","5.25","5.25","8.529999733","21.760000229","25.030000686646","7.8699998856","2.8699998856","1.9299999475479"
"87","C087","104","141.27000427","9.3999996185","9.399999618530273","16.440000534","24.270000458","24.540000915527","8.3299999237","3.8800001144","2.1400001049042"
"88","C088","110","135.3999939","7.5999999046","7.599999904632568","15.180000305","22.38999939","24.190000534058","7.4200000763","3.6199998856","2.2000000476837"
"89","C089","114","142.42999268","12","11","15.229999542","20.569999695","20.090000152588","7.4200000763","3.4200000763","2.0199999809265"
"90","C090","91","177.28999329","7.1999998093","7.199999809265137","31.86000061","24.25","27.360000610352","10.369999886","3.5499999523","2.039999961853"
"91","C091","88","170.07000732","8.3999996185","8.399999618530273","18.659999847","21.350000381","25.969999313354","8.8199996948","3.0199999809","1.9800000190735"
"92","C092","88","168.47000122","10.600000381","10.399999618530273","18.020000458","21.180000305","24.870000839233","8.720000267","3","1.9400000572205"
"93","C093","100","164.72999573","7.5999999046","7.599999904632568","10.239999771","22.870000839","26.89999961853","7.9699997902","3.6300001144","2.0099999904633"
"94","C094","108","154.86999512","12.600000381","12.600000381469727","12.399999619","19.989999771","28.35000038147","7.3800001144","3.0999999046","2.039999961853"
"95","C095","112","163.36999512","7.75","7.75","12.279999733","22.229999542","25.030000686646","7.8499999046","3.2300000191","2.0199999809265"
"96","C096","110","166.3999939","11","11","12.050000191","22.590000153","25.120000839233","8.6300001144","3.0799999237","2.0199999809265"
"97","C097","114","172.19999695","12.199999809","12.199999809265137","13.569999695","21.040000916","24.610000610352","8.6499996185","3.0999999046","1.8200000524521"
"98","C098","114","178.27000427","8.8000001907","8.800000190734863","15.409999847","21.069999695","21.629999160767","8.0200004578","3.2699999809","1.9400000572205"
"99","C099","114","176.80000305","9.75","9.75","18.190000534","22.670000076","21.39999961853","7.8299999237","3.2699999809","2.0099999904633"
"100","C100","101","166.44999695","10.600000381","10.600000381469727","12.149999619","23.540000916","26.35000038147","8.7700004578","3.0299999714","1.9700000286102"
"101","C101","110","192.07000732","3.7999999523","3.799999952316284","15.449999809","21.040000916","28.950000762939","6.8499999046","3.75","2.0899999141693"
"102","C102","148","150.66999817","9.8000001907","9.800000190734863","16.600000381","19.36000061","20.950000762939","7.3800001144","3.0499999523","1.9900000095367"
"103","C103","146","202.07000732","4","4","17.559999466","25.559999466","28.379999160767","8.0500001907","3.9200000763","2.2000000476837"
"104","C104","92","179.13999939","5.3299999237","5.329999923706055","13.31000042","21.450000763","22.920000076294","7.8699998856","3.1700000763","1.9500000476837"
"105","C105","97","170.16999817","4.75","4.75","15","21.170000076","28.760000228882","8.6800003052","3.0299999714","1.960000038147"
"106","C106","107","191","7","7","12.180000305","17.61000061","27.430000305176","7.4800000191","3.4000000954","1.9700000286102"
"107","C107","112","193.66999817","7.8000001907","7.800000190734863","20.040000916","22.819999695","26.739999771118","7.7800002098","3.4700000286","2.0599999427795"
"108","C108","83","156.80000305","8.3999996185","8.399999618530273","16.559999466","25.090000153","21.309999465942","8.1300001144","3.5999999046","2.1800000667572"
"109","C109","88","162.1000061","4.5999999046","4.599999904632568","8.970000267","23.489999771","24.360000610352","9.5699996948","3.1199998856","1.9199999570847"
"110","C110","107","159.33000183","9","9","20.659999847","23.219999313","26.680000305176","8.3800001144","3.2200000286","1.960000038147"
"111","C111","147","206.13000488","4.5999999046","3.5999999046325684","4.4099998474","15.239999771","26.35000038147","7.5199999809","3.6700000763","1.9299999475479"
"112","C112","73","77.430000305","20.5","15.75","18.270000458","16","18.549999237061","8.8000001907","2.7699999809","1.9099999666214"
"113","C113","60","73.769996643","12.800000191","10.600000381469727","12.220000267","16.600000381","18.709999084473","8.3500003815","2.8299999237","1.8999999761581"
"114","C114","61","86.870002747","12.600000381","12.600000381469727","22.129999161","22.239999771","19.770000457764","10","2.8499999046","1.9400000572205"
"115","C115","73","80.400001526","19","14.800000190734863","23.739999771","21.469999313","19.239999771118","10.229999542","2.8699998856","1.960000038147"
"116","C116","85","87.029998779","11.25","11.25","27.399999619","20.100000381","16.610000610352","7.1199998856","3.4800000191","2.1500000953674"
"117","C117","88","110.43000031","9.3999996185","9.399999618530273","27.280000687","25.420000076","22.229999542236","10.350000381","3.0799999237","2.1099998950958"
"118","C118","96","88.269996643","10.600000381","10.600000381469727","23.850000381","19.920000076","24.569999694824","8.8999996185","2.6500000954","1.8200000524521"
"119","C119","88","86.169998169","5.8000001907","5.800000190734863","17.489999771","19.36000061","20.379999160767","7.8800001144","3.4800000191","1.9800000190735"
"120","C120","73","97.629997253","10.600000381","10.399999618530273","18.719999313","20.780000687","18.64999961853","7.0199999809","3.7799999714","2.2799999713898"
"121","C121","91","150.66999817","11.399999619","11.399999618530273","37.330001831","24.270000458","20.469999313354","8.2700004578","3.1800000668","2.0299999713898"
"122","C122","93","118.09999847","8.6000003815","8.600000381469727","38.680000305","21.809999466","21.059999465942","7.6300001144","3.2699999809","2"
"123","C123","82","118.83000183","9.6000003815","9.600000381469727","40.509998322","31.079999924","21.760000228882","9.3000001907","4.0300002098","2.4500000476837"
"124","C124","92","110.26999664","10","9.399999618530273","19.709999084","23.579999924","24.010000228882","8.5799999237","3.2300000191","2.0199999809265"
"125","C125","84","145.6499939","8","8","14.010000229","25.549999237","22.110000610352","8.9499998093","3.3699998856","2.25"
"126","C127","84","152.53999329","10.399999619","10.199999809265137","28.270000458","23.219999313","27.520000457764","8.5799999237","3.1500000954","2.039999961853"
"127","C128","86","158.22999573","15","15","37.310001373","24.090000153","23.25","8.9200000763","3.0299999714","2.0199999809265"
"128","C129","110","166.86999512","16","16","38.799999237","23.88999939","25.549999237061","8.5699996948","3.3299999237","1.9800000190735"
"129","C130","98","155.3999939","7.8000001907","7.800000190734863","13.149999619","22.13999939","24.430000305176","7.7300000191","3.5299999714","1.960000038147"
"130","C131","84","165.07000732","12.600000381","12.600000381469727","21.290000916","19.540000916","22.799999237061","7.8800001144","3.0799999237","1.9299999475479"
"131","C132","104","169.66999817","5.4000000954","5.400000095367432","13.140000343","26.829999924","22.010000228882","9","3.6800000668","2.0899999141693"
"132","C133","87","170.80000305","4.8000001907","4.800000190734863","23.190000534","22.270000458","25.129999160767","7.5300002098","3.6800000668","2.210000038147"
"133","C134","109","172.46000671","6.4000000954","6.400000095367432","11.18999958","19.340000153","22.989999771118","7.3000001907","3.6199998856","2.0599999427795"
"134","C135","92","136.38999939","11.399999619","10.600000381469727","17.25","19.129999161","25.489999771118","8.3999996185","3.2000000477","1.9400000572205"
"135","C136","88","182.13999939","9.8000001907","9.800000190734863","21.260000229","20.489999771","21.540000915527","8.5500001907","3.0699999332","2.0699999332428"
"136","C137","92","170","5.75","5.75","16.620000839","30.569999695","24.760000228882","10.020000458","3.5999999046","2.2400000095367"
"137","C138","99","190.8999939","7.5999999046","7.599999904632568","13.899999619","25.469999313","33.340000152588","8.6300001144","3.5499999523","2.1900000572205"
"138","C139","99","185.33000183","6.6700000763","6.670000076293945","17.370000839","21.959999084","26.260000228882","8.4499998093","3.2799999714","1.960000038147"
"139","C140","111","164.3999939","6.4000000954","6.400000095367432","10.510000229","20.350000381","24.120000839233","7.4000000954","3.1199998856","1.9800000190735"
"140","C141","121","190.92999268","7.8000001907","7.800000190734863","21.379999161","22.090000153","25.030000686646","8.3299999237","3.2300000191","1.9199999570847"
"141","C142","113","198.57000732","7.1999998093","7.199999809265137","18.579999924","20.430000305","24.309999465942","7.7199997902","3.3499999046","2.0199999809265"
"142","C143","103","170.36000061","7.4000000954","7.400000095367432","6.5199999809","25.61000061","25.329999923706","8.7299995422","3.2300000191","1.960000038147"
"143","C144","111","206.72999573","3","3","11.159999847","25.690000534","28.440000534058","7.6300001144","4.0799999237","2.3499999046326"
"144","C145","72","92.330001831","12.199999809","12.199999809265137","27.409999847","23.13999939","21.14999961853","8.029999733","3.3699998856","2"
"145","C146","83","74.699996948","15.25","15.25","20.770000458","21.680000305","17.489999771118","7.8800001144","3.4200000763","2.2300000190735"
"146","C147","100","108.09999847","9.1999998093","9.199999809265137","27.149999619","26.959999084","27.639999389648","10.329999924","2.9500000477","1.9500000476837"
"147","C148","86","117.19999695","7.1999998093","7.199999809265137","26.719999313","27.930000305","25.770000457764","10","2.8699998856","2.0599999427795"
"148","C149","78","102.47000122","8.6000003815","8.600000381469727","27.479999542","25.86000061","21.450000762939","8.3999996185","3.3699998856","2.3199999332428"
"149","C150","82","90.319999695","8.8000001907","8.800000190734863","18.309999466","25.670000076","15.579999923706","7.5199999809","3.8800001144","2.2400000095367"
"150","C151","92","107.73000336","10","10","24.299999237","21.899999619","22.979999542236","9.1999998093","3.0699999332","2"
"151","C152","94","100","7.4000000954","7.400000095367432","18.940000534","23.930000305","23.670000076294","7.1300001144","3.8699998856","1.9199999570847"
"152","C153","89","105.06999969","8","8","35.520000458","30.409999847","23.209999084473","9.279999733","3.9700000286","2.2799999713898"
"153","C154","58","77.430000305","8.3999996185","8.399999618530273","8.9499998093","14.010000229","14.159999847412","7.0300002098","3.6500000954","2.1600000858307"
"154","C155","69","69.470001221","11.399999619","10.600000381469727","17.930000305","19.159999847","16.739999771118","7.5","3.0499999523","2.0999999046326"
"155","C156","72","73.129997253","10","10","15.130000114","19.729999542","17.489999771118","7.9200000763","3.1300001144","1.9800000190735"
"156","C157","69","75.099998474","8.8000001907","8.800000190734863","11.06000042","18.700000763","20.229999542236","8.9200000763","2.6700000763","1.8500000238419"
"157","C158","73","85.169998169","11","11","26.079999924","21.409999847","21.889999389648","8.3299999237","3.1199998856","1.9700000286102"
"158","C159","88","95.800003052","12","11.800000190734863","32.720001221","26.879999161","22.290000915527","8.3999996185","3.2999999523","2.1500000953674"
"159","C160","75","83.680000305","11.800000191","11.800000190734863","21.270000458","20.63999939","21.770000457764","9.6300001144","2.7699999809","1.9500000476837"
"160","C161","85","93.5","11","11","25.209999084","26.950000763","21.129999160767","8.779999733","3.3299999237","2.1400001049042"
"161","C162","59","97.769996643","22.799999237","21.200000762939453","12.920000076","22","13.869999885559","8.8299999237","3.1300001144","1.9800000190735"
"162","C163","89","104.16999817","5.75","5.75","16.159999847","23.979999542","23.549999237061","9.779999733","2.8800001144","2"
"163","C164","85","95.529998779","6.5999999046","6.599999904632568","23.030000687","24.959999084","25.25","8.5200004578","3.3699998856","2.0299999713898"
"164","C165","87","96.029998779","8.1999998093","8.199999809265137","20.13999939","22.86000061","20.799999237061","7.9800000191","3.1500000954","2.1099998950958"
"165","C166","89","94.730003357","7.1999998093","7.199999809265137","20.120000839","22.5","22.64999961853","10.079999924","2.9500000477","2.0899999141693"
"166","C167","94","108.23000336","9.3999996185","8.800000190734863","18.489999771","24.63999939","20.010000228882","7.7199997902","3.3800001144","2.1900000572205"
"167","C168","92","104.87000275","10.399999619","10.399999618530273","29.36000061","24.579999924","19.190000534058","7.6999998093","3.5","2.1900000572205"
"168","C169","97","118.06999969","9.3999996185","9.399999618530273","30.260000229","23.180000305","26.729999542236","8.1700000763","2.9200000763","1.9700000286102"
"169","C170","91","94.870002747","14","14","22.920000076","22.379999161","21.690000534058","7.5999999046","3.1700000763","1.9700000286102"
"170","C171","89","140.61000061","8.3999996185","8.399999618530273","22.729999542","24.100000381","24.030000686646","8.1199998856","3.4200000763","2.0899999141693"
"171","C172","80","102.37000275","7","7","24.850000381","19.760000229","21.299999237061","7.6999998093","3.5499999523","2.3099999427795"
"172","C173","89","114.40000153","7.4000000954","7.199999809265137","19.719999313","22.770000458","21.840000152588","8.4499998093","3.2200000286","2.0499999523163"
"173","C174","104","111.43000031","8.3999996185","8.399999618530273","27.649999619","27.659999847","23.520000457764","9.7700004578","2.9200000763","2.1099998950958"
"174","C175","103","111.19999695","6.8000001907","6.800000190734863","27.959999084","20.899999619","28.229999542236","9.5200004578","2.75","1.8700000047684"
"175","C176","124","97.669998169","8.1999998093","8.199999809265137","16.329999924","24.129999161","19.719999313354","7.8000001907","3.4500000477","2.0999999046326"
"176","C177","78","112.87000275","11","11","13.130000114","21.11000061","20.079999923706","8.4499998093","3.2999999523","2.0299999713898"
"177","C178","97","107.66999817","7.8000001907","7.800000190734863","23.510000229","22.049999237","25.809999465942","8.0500001907","3.0299999714","1.9800000190735"
"178","C179","104","133.52999878","9.1999998093","9.199999809265137","18.549999237","20.049999237","27.389999389648","8.2700004578","3.8299999237","2.1800000667572"
"179","C180","84","147.1499939","8.3999996185","8.399999618530273","19.290000916","23.920000076","23.870000839233","7.9299998283","3.0999999046","2"
"180","C181","89","137.8999939","11","11","16.840000153","25.979999542","22.430000305176","8.0699996948","3.7300000191","2.1300001144409"
"181","C182","88","161.19999695","6.8000001907","6.800000190734863","15.270000458","23.020000458","22.639999389648","8.1999998093","3.2999999523","2.0299999713898"
"182","C183","86","160.57000732","9.3999996185","9.399999618530273","13.520000458","26.120000839","24.829999923706","9.3800001144","2.9500000477","2.0499999523163"
"183","C184","89","156.16999817","10","10","16.069999695","24.829999924","23.620000839233","8.9300003052","3.1800000668","2.0999999046326"
"184","C185","108","145","3.75","3.75","9.5600004196","23.36000061","25.020000457764","8.3299999237","3.8800001144","2.0699999332428"
"185","C186","111","180","9.8000001907","9.800000190734863","28.61000061","29.770000458","30.329999923706","9.470000267","4.0700001717","2.2200000286102"
"186","C187","101","144.47000122","9","9","14.5","22.909999847","25.870000839233","7.9000000954","3.5999999046","2.1400001049042"
"187","C188","103","137.80000305","9.3999996185","9.399999618530273","12.130000114","22.229999542","23.110000610352","7.3699998856","3.5199999809","2.0499999523163"
"188","C189","83","162.36000061","7.5999999046","7.599999904632568","17.579999924","24.63999939","19.14999961853","8.8000001907","3.7300000191","2.1099998950958"
"189","C190","93","160.8999939","9.6700000763","9.670000076293945","22.790000916","19.969999313","26.139999389648","8.1199998856","3.1199998856","1.960000038147"
"190","C191","99","171.27000427","9","9","28.879999161","22.350000381","26.85000038147","7.7699999809","3.2799999714","2.0799999237061"
"191","C192","149","185.07000732","7","6.599999904632568","11.770000458","21.959999084","24.459999084473","8.5200004578","3.0499999523","1.9700000286102"
"192","C193","83","158.3999939","9.6000003815","9.600000381469727","22.5","19.75","23.870000839233","7.5300002098","3.1500000954","1.9900000095367"
"193","C194","104","173.3999939","6.8000001907","6.800000190734863","11.930000305","23.059999466","24.14999961853","8.3699998856","3.2000000477","1.9299999475479"
"194","C195","113","171.78999329","7.1999998093","7.199999809265137","8.720000267","16.709999084","23.069999694824","7.3800001144","3.6199998856","1.9099999666214"
"195","C196","148","193","4.1999998093","4.199999809265137","16.739999771","23.319999695","25.760000228882","8.2299995422","3.9500000477","2.0999999046326"
"196","C197","89","175.77000427","5.75","5.75","11.31000042","22.36000061","19.829999923706","8.1700000763","3.1500000954","1.9900000095367"
"197","C198","91","173.77000427","5.1999998093","5.199999809265137","21.399999619","22.120000839","29.340000152588","8.2299995422","3.1300001144","2.0699999332428"
"198","C199","104","187.52999878","7.4000000954","7.400000095367432","21.809999466","22.549999237","25.639999389648","8.1499996185","3","1.9400000572205"
"199","C200","110","189.1000061","8.6000003815","8.199999809265137","15.079999924","21.38999939","22.39999961853","8.1000003815","3.2799999714","1.9400000572205"
"200","C201","110","194.92999268","9.3999996185","9.399999618530273","24.530000687","18.930000305","26.190000534058","7.6999998093","3.0799999237","1.9199999570847"
"201","C202","89","176.33000183","9.3999996185","9.399999618530273","16.819999695","20.799999237","27.559999465942","7.9200000763","3.1500000954","2.0299999713898"
"202","C203","70","77.330001831","6.5999999046","6.400000095367432","13.119999886","20.180000305","19.840000152588","7.7300000191","3.0299999714","2.0999999046326"
"203","W001","87","146.3999939","8.3999996185","8.399999618530273","22.489999771","25.309999466","18.370000839233","6.8899998665","3.6300001144","2.0899999141693"
"204","W002","107","157.3999939","5.8000001907","5.800000190734863","11.119999886","22.590000153","25.260000228882","9.529999733","3.2400000095","1.8099999427795"
"205","W003","96","140.3999939","8.3999996185","8.199999809265137","23.729999542","29","24.309999465942","9.4399995804","3.5899999142","2.0599999427795"
"206","W004","106","158.19999695","7.8000001907","7.800000190734863","26.549999237","25.989999771","23.040000915527","8.3400001526","3.7100000381","1.9800000190735"
"207","W005","109","133.80000305","11","11","30.799999237","19.120000839","22.64999961853","7.7899999619","2.9300000668","1.7300000190735"
"208","W006","104","149.80000305","9","9","33.060001373","28.350000381","24.60000038147","9.6800003052","3.2300000191","1.9500000476837"
"209","W007","105","150.80000305","8","7.800000190734863","26.760000229","25.61000061","26.469999313354","9.6800003052","2.8699998856","1.7999999523163"
"210","W008","105","147","10","10","29.290000916","23.930000305","25.829999923706","9.25","3.0399999619","1.9099999666214"
"211","W009","115","193.80000305","10.600000381","10.600000381469727","30.100000381","26.079999924","27.209999084473","9.1099996567","2.8299999237","2.0499999523163"
"212","W010","97","135","7.8000001907","7.800000190734863","25.719999313","22.709999084","23.920000076294","8.5","3.3800001144","1.9299999475479"
"213","W011","73","116.80000305","15.600000381","15.399999618530273","30.850000381","25.409999847","25.739999771118","7.75","3.4900000095","2.2000000476837"
"214","W012","67","100.80000305","13.800000191","11","11.319999695","30.309999466","21.889999389648","7.8400001526","3.8199999332","2.3800001144409"
"215","W013","72","98.599998474","16.799999237","16.200000762939453","31.510000229","27.340000153","20.239999771118","7.1300001144","3.8499999046","2.4500000476837"
"216","W014","92","158","16.799999237","16.799999237060547","29.409999847","22.180000305","19.60000038147","9.0900001526","2.9000000954","1.8400000333786"
"217","W015","103","157.80000305","16.799999237","16.399999618530273","71.099998474","27.219999313","25.079999923706","8.1300001144","3.5","2.1600000858307"
"218","W016","45","78.800003052","18.600000381","17.600000381469727","6.0300002098","22.479999542","13.680000305176","7.25","3.5499999523","2.2699999809265"
"219","W017","112","126.19999695","10.199999809","10.199999809265137","24.030000687","26.25","24.360000610352","9.4600000381","3.4700000286","1.8899999856949"
"220","W018","60","93.400001526","11","10","13.229999542","23.739999771","20.020000457764","8.5600004196","3.3900001049","2.0999999046326"
"221","W019","91","124.80000305","12.600000381","12.399999618530273","31.729999542","24.63999939","20.680000305176","9.4899997711","2.9900000095","1.9199999570847"
"222","W020","95","136.6000061","13","13","30.079999924","14.960000038","21.780000686646","8.8000001907","3.1500000954","1.8300000429153"
"223","W021","105","142.3999939","9","9","29","36.650001526","24.5","9.3400001526","4.0900001526","2.3099999427795"
"224","W022","112","146","11","11","50.380001068","27.260000229","28.840000152588","8.3900003433","3.5999999046","2.1099998950958"
"225","W023","105","165.80000305","17","17","42.759998322","19.5","25.60000038147","7.9200000763","2.8199999332","1.8300000429153"
"226","W024","107","139.80000305","8.8000001907","8.800000190734863","20.069999695","22.159999847","22.920000076294","8.529999733","2.8599998951","1.8300000429153"
"227","W025","101","154.19999695","16.399999619","16.399999618530273","29.239999771","22.020000458","23.860000610352","7.9400000572","2.8800001144","1.7300000190735"
"228","W026","92","160.6000061","15","15","46.689998627","24.100000381","24.200000762939","7.7699999809","3.2799999714","1.9900000095367"
"229","W027","85","116.80000305","8.3999996185","8.399999618530273","15.930000305","21.780000687","23.309999465942","8.1199998856","3.2899999619","1.7999999523163"
"230","W028","105","164.19999695","20.600000381","20.600000381469727","29.819999695","17.590000153","26.040000915527","8.5900001526","2.7100000381","1.7999999523163"
"231","W029","97","147.80000305","17.600000381","17.600000381469727","33.159999847","19.940000534","20.729999542236","7.3099999428","2.9600000381","2.0299999713898"
"232","W030","109","172.6000061","19","19","42.819999695","21.340000153","24.280000686646","7.5599999428","2.8399999142","1.8400000333786"
"233","W031","90","159.6000061","16.200000763","16.200000762939453","38.669998169","19.549999237","23.469999313354","8","2.7899999619","1.8700000047684"
"234","W032","88","159.6000061","17.600000381","17.600000381469727","38.75","21.200000763","22.479999542236","7.7899999619","2.7799999714","1.8400000333786"
"235","W033","82","155","13","13","25.690000534","23.399999619","23.620000839233","7.7899999619","3.1800000668","1.9900000095367"
"236","W034","99","165.80000305","14.399999619","14.399999618530273","38.189998627","23.100000381","24.760000228882","8.9200000763","2.7899999619","1.8799999952316"
"237","W035","105","196.19999695","11.800000191","11.600000381469727","28.86000061","23.440000534","28.39999961853","8.470000267","2.9700000286","1.9900000095367"
"238","W036","105","157.80000305","20.799999237","20.799999237060547","52.970001221","23.059999466","27.489999771118","8.1400003433","3.0199999809","1.9900000095367"
"239","W037","110","173.80000305","12.800000191","12.800000190734863","26.790000916","27.850000381","27.319999694824","9.4600000381","3.0599999428","2.0699999332428"
"240","W038","120","138","18.200000763","18.200000762939453","43.569999695","20.959999084","21.459999084473","8.0200004578","3.3199999332","2.0599999427795"
"241","W039","91","152","21.600000381","21.600000381469727","48.930000305","26.829999924","25.370000839233","8.970000267","3.2400000095","2.1099998950958"
"242","W040","109","108.40000153","13.399999619","13.399999618530273","37.75","30.969999313","25.139999389648","9.2899999619","2.7999999523","1.9800000190735"
"243","W041","95","169.3999939","7.4000000954","7.400000095367432","22.379999161","26.309999466","27.489999771118","9.8100004196","3.0499999523","1.8999999761581"
"244","W042","112","185.3999939","15.199999809","15.199999809265137","36.419998169","23.409999847","26.989999771118","8.1899995804","3.1500000954","2.0699999332428"
"245","W043","110","105.40000153","15.800000191","15.800000190734863","41.840000153","22.770000458","24.290000915527","9.4399995804","2.6800000668","1.8899999856949"
"246","W044","107","98.800003052","14.199999809","13.800000190734863","30.479999542","26.879999161","21.309999465942","9.5200004578","3.0799999237","2.0899999141693"
"247","W045","52","98","24.799999237","24.200000762939453","18.940000534","29.559999466","19.5","8.5699996948","3.6600000858","2.2300000190735"
"248","W046","105","96","21.600000381","19.600000381469727","34.029998779","24.399999619","23.090000152588","9.1000003815","3.0199999809","1.8999999761581"
"249","W047","97","203.19999695","12.800000191","12.199999809265137","18.86000061","23.659999847","23.860000610352","8.470000267","3.1099998951","2.1900000572205"
"250","W048","93","190.19999695","10","10","30.36000061","23.010000229","24.610000610352","7.6399998665","3.2400000095","1.9900000095367"
"251","W049","77","163.80000305","13","13","25.260000229","14.119999886","27.340000152588","8.220000267","2.0899999142","1.6699999570847"
"252","W050","121","174.80000305","14.199999809","14.199999809265137","32.38999939","28.38999939","26.569999694824","8.9200000763","3.4600000381","2.1600000858307"
"253","W051","55","107.40000153","16.799999237","16.799999237060547","41.349998474","24.739999771","25.389999389648","9.8699998856","2.7200000286","2.0199999809265"
"254","W052","103","98.599998474","12.399999619","11.800000190734863","22.370000839","30.649999619","19.739999771118","10.239999771","3.4300000668","2.1199998855591"
"255","W053","105","152.6000061","8.6000003815","8.600000381469727","23.209999084","26.719999313","25.809999465942","9.9399995804","3.2000000477","1.8700000047684"
"256","W054","106","190.19999695","12.399999619","12.199999809265137","39.470001221","21.920000076","23.030000686646","9.220000267","2.9800000191","1.9199999570847"
"257","W055","97","171.3999939","5.4000000954","5.400000095367432","23.260000229","26.760000229","26.020000457764","8.5","3.4000000954","2.0099999904633"
"258","W056","110","129","17.200000763","17.200000762939453","32.729999542","18.129999161","22.790000915527","6.5799999237","3.4400000572","2.1500000953674"
"259","W057","100","182.19999695","8","8","33.099998474","29.180000305","28.270000457764","9.3900003433","3.2799999714","1.8999999761581"
"260","W058","85","150.6000061","19.399999619","19.399999618530273","54.369998932","23.280000687","22.290000915527","7.3499999046","3.2699999809","2.039999961853"
"261","W059","90","115.80000305","16.200000763","16.200000762939453","28.649999619","23.549999237","21.569999694824","7.5799999237","3.5099999905","2.0999999046326"
"262","W060","72","119.40000153","11","10.399999618530273","23.059999466","26.409999847","24.909999847412","7.5900001526","3.4700000286","2.2300000190735"
"263","W061","81","121.80000305","9","9","29.270000458","41.240001678","20.729999542236","9.4099998474","4.3800001144","2.4500000476837"
"264","W062","124","153.3999939","14","13.800000190734863","41.029998779","25.700000763","30.450000762939","8.720000267","3.1400001049","2.0499999523163"
"265","W063","85","114.19999695","15.199999809","13.600000381469727","25.25","34.529998779","21.280000686646","10.369999886","3.6400001049","2.1199998855591"
"266","W064","51","106.19999695","22.600000381","22","13.130000114","22.25","16.950000762939","7.7899999619","3.4200000763","2.0099999904633"
"267","W065","92","149.3999939","12.600000381","12.600000381469727","35.810001373","27.670000076","24.329999923706","9.6599998474","3.2400000095","2.0299999713898"
"268","W066","95","102.19999695","16.799999237","16.799999237060547","28.079999924","19.719999313","22.209999084473","8.7100000381","2.7400000095","1.8899999856949"
"269","W067","102","152.6000061","8.3999996185","8.399999618530273","33.790000916","29.049999237","29.030000686646","10.18999958","2.9900000095","2.0299999713898"
"270","W068","90","139.80000305","15.600000381","15.399999618530273","26.340000153","20.989999771","22.290000915527","7.9899997711","3.5299999714","1.9099999666214"
"271","W069","102","146.3999939","13","13","34.340000153","17.260000229","26.979999542236","9.0699996948","2.1900000572","1.6200000047684"
"272","W070","99","160.3999939","17.200000763","17.200000762939453","56.930000305","22.030000687","30.379999160767","9.7100000381","2.7799999714","1.8300000429153"
"273","W071","53","104.59999847","21.600000381","21.200000762939453","32.240001678","23.040000916","23.129999160767","7.7600002289","3.2899999619","1.960000038147"
"274","W072","114","154","11.399999619","11.199999809265137","30.61000061","24.340000153","24.690000534058","9.0699996948","2.6900000572","1.9099999666214"
"275","W073","83","98.800003052","20","20","31","23.459999084","24.60000038147","9.6999998093","2.3399999142","1.8999999761581"
"276","W074","122","162.19999695","14.199999809","14.199999809265137","36.259998322","25.680000305","24.870000839233","8.029999733","3.2100000381","2.2300000190735"
"277","W075","95","186.19999695","19.600000381","19.399999618530273","49.479999542","22.510000229","23.510000228882","8","3.0499999523","2"
"278","W076","94","155","11.399999619","11.399999618530273","35.299999237","22.040000916","23.129999160767","7.4000000954","3.3099999428","2.0599999427795"
"279","W077","110","182.3999939","14.800000191","14.800000190734863","36.330001831","26.920000076","25.620000839233","10.140000343","2.7300000191","1.960000038147"
"280","W078","121","96.800003052","15.75","15","26.950000763","24.690000534","20.930000305176","8.2700004578","3.0999999046","2.0699999332428"
"281","W079","89","147.6000061","13","13","32.290000916","27.010000229","25.719999313354","9.3999996185","2.9200000763","2.0199999809265"
"282","W080","85","141.3999939","26.399999619","26.399999618530273","54.169998169","24.559999466","25.989999771118","8.4600000381","3.1099998951","1.960000038147"
"283","W081","87","130.19999695","12.600000381","12.600000381469727","19.739999771","27.129999161","28.85000038147","9.1700000763","3.0299999714","2.0099999904633"
"284","W082","77","125","12.399999619","12.399999618530273","25.409999847","29.649999619","24.319999694824","8.470000267","3.7100000381","2.1800000667572"
"285","W083","94","116.40000153","11.399999619","11.399999618530273","32.770000458","27.100000381","24.010000228882","9.3599996567","2.7699999809","2.0199999809265"
"286","W084","95","114.40000153","13.399999619","13.399999618530273","27.969999313","23.559999466","25.219999313354","8.470000267","3.0899999142","1.9800000190735"
"287","W085","89","118.59999847","12.600000381","12.600000381469727","39.590000153","25.280000687","23.030000686646","7.6799998283","3.5","1.9500000476837"
"288","W086","91","103.40000153","11.399999619","11.399999618530273","33.729999542","25.069999695","23.60000038147","9.529999733","2.8099999428","1.8899999856949"
"289","W087","65","77.199996948","15.399999619","15","28.510000229","23.059999466","19.219999313354","8.3299999237","2.8499999046","1.9800000190735"
"290","W088","67","70.599998474","18","14.399999618530273","19.229999542","26.61000061","18.430000305176","7.5300002098","3.3800001144","2.2300000190735"
"291","W089","85","136.3999939","27.600000381","27.600000381469727","43.13999939","20.819999695","24.030000686646","8.5600004196","2.5","1.8300000429153"
"292","W090","100","137.3999939","47.200000763","45.79999923706055","52.770000458","21.709999084","19.059999465942","7.8099999428","3.0199999809","2.0499999523163"
"293","W091","103","148.19999695","15.600000381","15.399999618530273","33.090000153","17.309999466","23.059999465942","7.3099999428","3.1199998856","1.9099999666214"
"294","W092","103","144.80000305","18","18","39.430000305","22","24.489999771118","7.75","3.1700000763","1.9500000476837"
"295","W093","84","133","19.799999237","19","27.88999939","26.86000061","24.090000152588","8.8999996185","2.6700000763","1.7200000286102"
"296","W094","89","141.80000305","14","14","29.829999924","30.319999695","23.469999313354","8.7700004578","3.5399999619","2.0999999046326"
"297","W095","92","165.80000305","13.600000381","13.600000381469727","43.349998474","23.209999084","26.979999542236","7.3800001144","3.0599999428","2.1199998855591"
"298","W096","89","165.19999695","16.799999237","16.600000381469727","38.38999939","26.13999939","24.030000686646","8.0900001526","3.5799999237","2.0899999141693"
"299","W097","88","137","23.399999619","23","27.600000381","25.299999237","15.949999809265","7.5100002289","3.6300001144","2.0699999332428"
"300","W098","95","158.80000305","42.200000763","40.599998474121094","52.36000061","22.219999313","20.760000228882","7.9200000763","2.9300000668","2.0599999427795"
"301","W099","105","149","19.799999237","19.600000381469727","39.029998779","21.600000381","26.110000610352","7.8200001717","2.9000000954","1.8500000238419"
"302","W100","102","177.19999695","31.399999619","31.399999618530273","41.25","18.200000763","24.64999961853","7.5","2.9000000954","1.9400000572205"
"303","W101","89","149.80000305","16.600000381","16.600000381469727","43.36000061","27.489999771","27.25","8.5","3.3399999142","2.1600000858307"
"304","W102","95","182.6000061","4.5999999046","4.400000095367432","12.670000076","25.11000061","25.889999389648","9.4300003052","3.4800000191","1.9099999666214"
"305","W103","94","111.40000153","28","28","26.819999695","21.5","20.110000610352","8.0500001907","3.2400000095","1.9800000190735"
"306","W104","91","145.3999939","12.399999619","12.199999809265137","24.129999161","22.409999847","22.420000076294","7.5599999428","3.0899999142","1.9199999570847"
"307","W105","97","156.6000061","19.399999619","19.200000762939453","39.439998627","25.760000229","26.059999465942","9.029999733","3.2000000477","2.039999961853"
"308","W106","107","169.3999939","19","19","29.989999771","24.440000534","22.329999923706","8.4200000763","3.0299999714","1.8999999761581"
"309","W107","120","163.19999695","17.399999619","17.200000762939453","27.579999924","28.590000153","24.489999771118","9.1499996185","3.3399999142","2.1900000572205"
"310","W108","91","161.19999695","28","28","39.540000916","19.440000534","19.969999313354","7.3200001717","2.75","1.9400000572205"
"311","W109","48","99.400001526","16.600000381","15","10.06000042","22.159999847","18.030000686646","7.75","3.5099999905","2.039999961853"
"312","W110","128","154.3999939","9.1999998093","6.400000095367432","12.989999771","21.299999237","24.370000839233","8.4799995422","3.1300001144","2"
"313","W111","114","203.6000061","13","13","29.520000458","23.620000839","26.469999313354","9.0900001526","2.9000000954","1.9800000190735"
"314","W112","114","167.19999695","14","14","43.849998474","24.440000534","26.139999389648","8.220000267","3.1199998856","2.0299999713898"
"315","W113","110","141","9.8000001907","9","31.409999847","19.88999939","25.270000457764","8.779999733","2.9000000954","1.7999999523163"
"316","W114","122","181.3999939","-9","-9","28.549999237","-9","-9","9.0699996948","2.6700000763","1.8999999761581"
"317","W115","116","153.3999939","22.799999237","22.799999237060547","40.409999847","24.379999161","24.219999313354","8.3900003433","3.1099998951","2.0299999713898"
"318","W116","99","175.3999939","8","8","29.11000061","30.950000763","32.099998474121","9.1999998093","3.6700000763","2.0999999046326"
"319","W117","69","98.599998474","14.399999619","13.800000190734863","16.209999084","29.309999466","20.89999961853","7.6199998856","3.7699999809","2.3800001144409"
"320","W118","103","84.199996948","6.5999999046","6.599999904632568","27.030000687","37.299999237","22.819999694824","10.369999886","2.6900000572","1.960000038147"
"321","W119","95","95.400001526","9.6000003815","9.399999618530273","21.239999771","24.350000381","20.010000228882","9.1999998093","2.6400001049","1.9099999666214"
"322","W120","90","109.59999847","9.1999998093","8.800000190734863","19.559999466","31.649999619","19.860000610352","8.1199998856","3.9000000954","2.2400000095367"
"323","W121","93","177.6000061","10.399999619","10.399999618530273","41.529998779","26.13999939","30.219999313354","8.3299999237","3.1300001144","2.039999961853"
"324","W122","98","169.80000305","12.600000381","12.600000381469727","25.770000458","19.829999924","25.559999465942","8.8900003433","3.1199998856","1.7799999713898"
"325","W123","99","140.80000305","10.75","10.75","36.970001221","27.040000916","26.10000038147","9.1800003052","3.3299999237","2"
"326","W124","77","134","16.600000381","16.600000381469727","29.850000381","17.510000229","21.799999237061","7.6599998474","2.7999999523","1.8200000524521"
"327","W125","88","152","16.600000381","16.600000381469727","25.540000916","25.479999542","27.030000686646","8.0500001907","3.0199999809","2.0199999809265"
"328","W126","89","157.6000061","25","25","59.900001526","21.190000534","24.559999465942","8.2100000381","2.9600000381","1.8999999761581"
"329","W127","112","142.6000061","8.3999996185","8.399999618530273","29.530000687","25.559999466","25.690000534058","8.6400003433","3.1800000668","2.0999999046326"
"330","W128","111","149.80000305","12.399999619","12.399999618530273","46.259998322","24.260000229","24.709999084473","8.5","3.2300000191","1.9400000572205"
"331","W129","94","151.19999695","25.799999237","25","62.080001831","22.870000839","29.139999389648","9.4600000381","2.5","1.8700000047684"
"332","W130","69","92.599998474","18.600000381","18.399999618530273","22.979999542","31.049999237","18.790000915527","9.279999733","3.6199998856","2.1700000762939"
"333","W131","95","161","17.200000763","16.799999237060547","37.529998779","14.470000267","30.719999313354","7.1799998283","2.7899999619","1.6100000143051"
"334","W132","89","156","20.600000381","20.600000381469727","47.569999695","20.680000305","22.319999694824","7.4299998283","3.0699999332","1.9099999666214"
"335","W133","95","157.80000305","21","20.799999237060547","37.090000153","24.180000305","25.299999237061","8.8599996567","2.8199999332","1.9700000286102"
"336","W134","97","150","16","16","49.840000153","19.879999161","25.819999694824","9.6999998093","2.5899999142","1.8799999952316"
"337","W135","105","172.80000305","16","15.600000381469727","49.13999939","22.36000061","25.290000915527","8.029999733","3.0099999905","1.9800000190735"
"338","W136","116","188.6000061","18.600000381","18.200000762939453","21.790000916","22.620000839","25.559999465942","8.4099998474","2.5699999332","1.960000038147"
"339","W137","104","125.59999847","16.799999237","16.799999237060547","34.349998474","30.729999542","22.469999313354","9.9300003052","3.3099999428","2.0099999904633"
"340","W138","79","102","28.399999619","28.399999618530273","64.86000061","20.25","22.979999542236","8.25","2.7200000286","1.8500000238419"
"341","W139","45","96.400001526","23.399999619","22.200000762939453","20.340000153","25.129999161","16.510000228882","7.3299999237","3.5999999046","2.1700000762939"
"342","W140","96","145.80000305","18.600000381","18.600000381469727","38.400001526","25.090000153","23.340000152588","8.4899997711","3.0799999237","1.9900000095367"
"343","W141","86","151.6000061","18.399999619","18.399999618530273","37.549999237","30.059999466","24.200000762939","8.9099998474","3.4500000477","2.1099998950958"
"344","W142","85","149.3999939","11.800000191","11.800000190734863","27.190000534","20.920000076","24.120000839233","7.6100001335","3.1300001144","1.8999999761581"
"345","W143","112","196.80000305","12.600000381","12.399999618530273","13.770000458","17.88999939","27.590000152588","8.029999733","3.1500000954","1.75"
"346","W144","105","168.3999939","16.600000381","16.600000381469727","39.580001831","22.090000153","24.610000610352","8.3299999237","2.9600000381","2"
"347","W145","114","177.3999939","10.600000381","10.600000381469727","25.75","22.469999313","22.549999237061","7.9499998093","3.1300001144","2.039999961853"
"348","W146","77","127.40000153","29.799999237","29.799999237060547","64.449996948","23.86000061","23.590000152588","7.7600002289","3.2899999619","2.0699999332428"
"349","W147","100","117.59999847","19.799999237","19.799999237060547","65.870002747","24.579999924","26.459999084473","9.0699996948","2.6600000858","1.9400000572205"
"350","W148","107","168.3999939","15.199999809","15.199999809265137","53.040000916","24.579999924","23.159999847412","8.029999733","3.4500000477","2.0299999713898"
"351","W149","93","112.59999847","16","16","45.400001526","27.850000381","23.420000076294","9.5399999619","3.0299999714","2.0799999237061"
"352","W150","112","104.59999847","15.800000191","15.199999809265137","36.180000305","24.920000076","26.379999160767","9.3699998856","2.8499999046","1.9700000286102"
"353","W151","81","98","16","15.75","51.340000153","22.280000687","25.090000152588","8.470000267","2.8199999332","2"
"354","W152","101","110","16.600000381","16.600000381469727","47.869998932","25.309999466","25.520000457764","9.9899997711","2.6500000954","1.8999999761581"
"355","W153","98","103.80000305","11.600000381","11.600000381469727","48.479999542","25.88999939","25.469999313354","9.720000267","2.7300000191","1.9700000286102"
"356","W154","87","102.40000153","15","14.800000190734863","60.979999542","17.659999847","25.440000534058","8.3999996185","2.8499999046","1.7799999713898"
"357","W155","83","98.400001526","13.399999619","13.399999618530273","44.830001831","22.379999161","26.870000839233","8.75","2.7999999523","1.9299999475479"
"358","W156","91","99.199996948","13.399999619","13.399999618530273","40.36000061","30.989999771","24.770000457764","7.9099998474","3.1700000763","2.1099998950958"
"359","W157","94","95.199996948","13.199999809","13.199999809265137","46.169998169","24.069999695","22.190000534058","8","2.8499999046","1.9400000572205"
"360","W158","89","107.19999695","14.199999809","14.199999809265137","51.520000458","39.569999695","24.39999961853","8.220000267","2.9100000858","2.039999961853"
"361","W159","90","95.199996948","16.200000763","16.200000762939453","48.61000061","22.469999313","24.159999847412","8.4499998093","2.8800001144","1.9199999570847"
"362","W160","89","96","8.3999996185","8.399999618530273","42.63999939","30","16.620000839233","6.8499999046","3.6300001144","2.2300000190735"
"363","W161","82","102","17","17","49.919998169","23.149999619","22.049999237061","8.8400001526","2.8699998856","1.9199999570847"
"364","W162","105","98.400001526","20.799999237","20.600000381469727","74.839996338","23.430000305","18.549999237061","6.9099998474","3.4300000668","2.2300000190735"
"365","W163","89","91.400001526","23.799999237","23.799999237060547","78.870002747","19.379999161","22.139999389648","7.9400000572","2.5599999428","1.7799999713898"
"366","W164","76","88.599998474","19.799999237","19.799999237060547","56.009998322","21.430000305","23.680000305176","8.8900003433","2.6300001144","1.9500000476837"
"367","W165","91","103.80000305","13.399999619","13.399999618530273","52.529998779","23.5","21.85000038147","7.7699999809","3.1900000572","2.0799999237061"
"368","W166","103","137.80000305","9.8000001907","9.800000190734863","66.809997559","24.63999939","28.909999847412","8.1700000763","3.0299999714","2.0199999809265"
"369","W167","107","135.19999695","7","7","45.930000305","23.920000076","27.819999694824","8.4300003052","2.9100000858","1.960000038147"
"370","W168","112","101.40000153","14","14","42.13999939","26.620000839","24.520000457764","9.1199998856","2.9600000381","2.0599999427795"
"371","W169","98","93.599998474","22.799999237","22.799999237060547","47.840000153","21.340000153","23.680000305176","9.1199998856","2.7400000095","1.8899999856949"
"372","W170","95","90.599998474","16.200000763","16.200000762939453","36.13999939","24.829999924","22.319999694824","9.6300001144","2.8699998856","1.8099999427795"
"373","W171","89","96.800003052","19","19","36.340000153","21.850000381","25.940000534058","7.9899997711","3.0299999714","1.960000038147"
"374","W172","96","100.19999695","17","17","40.939998627","24.920000076","25.780000686646","10.760000229","2.5","1.9400000572205"
"375","W173","93","121.59999847","12","11.800000190734863","35.229999542","25.350000381","26.549999237061","10.449999809","2.5999999046","1.9199999570847"
"376","W174","97","84","17","17","41.869998932","19.809999466","22.489999771118","7.9600000381","2.8499999046","1.8799999952316"
"377","W175","87","101","23.600000381","22","32.069999695","24.38999939","20.020000457764","9.779999733","2.7599999905","2.0299999713898"
"378","W176","105","101.40000153","17.399999619","17.200000762939453","49.180000305","23.11000061","23.89999961853","8.3100004196","2.8599998951","1.9500000476837"
"379","W177","102","100","15.399999619","13.800000190734863","39.950000763","22.86000061","24.440000534058","8.3299999237","2.8599998951","1.9500000476837"
"380","W178","119","97.800003052","21.200000763","20.399999618530273","30.930000305","15.949999809","19.969999313354","7.9400000572","2.6099998951","1.75"
"381","W179","96","93.800003052","27","27","38.470001221","19.100000381","21.790000915527","8.7299995422","2.4500000477","1.7699999809265"
"382","W180","91","108","13.800000191","13.800000190734863","37.700000763","24.069999695","25.079999923706","8.279999733","2.9800000191","2.0299999713898"
"383","W181","107","105.80000305","27.399999619","27.399999618530273","67.620002747","24.63999939","29.010000228882","9.2899999619","2.7300000191","2.0099999904633"
"384","W182","100","101.19999695","21.799999237","21.600000381469727","50.029998779","21.86000061","22.639999389648","8.3400001526","2.8699998856","1.8799999952316"
"385","W183","110","96.599998474","24.200000763","23.200000762939453","41.200000763","22.309999466","23.540000915527","9.2399997711","2.6199998856","1.8799999952316"
"386","W184","94","98","20.799999237","20.799999237060547","45.159999847","23.129999161","23.64999961853","9.1999998093","2.6500000954","1.8799999952316"
"387","W185","112","95.599998474","17.799999237","17.600000381469727","43.830001831","25.120000839","24.909999847412","9.8699998856","2.6400001049","1.9800000190735"
"388","W186","92","98.199996948","-9","-9","-9","-9","-9","-9","-9","-9"
"389","W187","92","105.19999695","-9","-9","-9","-9","-9","-9","-9","-9"
"390","W188","92","102","24.200000763","22.600000381469727","51.459999084","20.959999084","27.60000038147","9.9399995804","2.5099999905","1.8600000143051"
"391","W189","96","114.19999695","16.799999237","16.799999237060547","47.599998474","23.729999542","27.329999923706","8.9099998474","2.7200000286","1.9099999666214"
"392","W191","114","121","14.600000381","14.399999618530273","29.170000076","23.25","27.879999160767","10.970000267","2.4300000668","1.7799999713898"
"393","W192","112","121.19999695","16.799999237","16.600000381469727","36.020000458","22.13999939","26.879999160767","9.3299999237","2.8900001049","2"
"394","W193","101","121.40000153","12.800000191","12.600000381469727","43.009998322","28.620000839","23.729999542236","9.1300001144","3.0199999809","2.039999961853"
"395","W194","85","108.80000305","15.600000381","15.600000381469727","53.240001678","20.549999237","23.040000915527","9.4200000763","2.5499999523","1.8500000238419"
"396","W195","98","123.80000305","14","14","68.190002441","26.170000076","27.799999237061","10.859999657","2.3699998856","1.8099999427795"
"397","W197","94","112.80000305","19.600000381","19.600000381469727","64.980003357","19.13999939","27.510000228882","8.6000003815","2.5399999619","1.7400000095367"
"398","W198","108","180","16.200000763","15.800000190734863","39.959999084","29.079999924","29.85000038147","8.720000267","3.3099999428","2.1900000572205"
"399","W199","116","125.19999695","15","15","48.369998932","31.149999619","29.409999847412","9.970000267","2.9600000381","2.0599999427795"
"400","W200","101","115.40000153","17.799999237","17.799999237060547","48.880001068","24.420000076","24.180000305176","9.7600002289","2.5799999237","1.8899999856949"
"401","W201","98","108.19999695","18","17.399999618530273","51.029998779","25.129999161","25.969999313354","10.069999695","2.5999999046","1.8999999761581"
"402","W202","99","112","17","17","52.279998779","25.690000534","26.920000076294","10.010000229","2.7200000286","1.9400000572205"
"403","W203","105","185.6000061","16","16","55.13999939","23.920000076","28.239999771118","8.779999733","2.8699998856","1.9199999570847"
"404","W204","93","154.19999695","17.799999237","17.799999237060547","50","21.770000458","24.120000839233","7.8899998665","3.0199999809","1.8899999856949"
"405","W205","93","161.80000305","15.199999809","15.199999809265137","44.069999695","21.670000076","25.5","7.8699998856","3.0499999523","1.8999999761581"
"406","W206","110","112","12.199999809","12.199999809265137","32.659999847","31.479999542","29.360000610352","10.640000343","3.0499999523","2.0799999237061"
"407","W207","99","114.59999847","11.800000191","11.800000190734863","42.970001221","28.670000076","25.540000915527","8.0699996948","3.5599999428","2.2599999904633"
"408","W208","100","119.59999847","6.1999998093","6.199999809265137","45.720001221","29.159999847","23.010000228882","7.5700001717","3.7100000381","2.3599998950958"
"409","W209","109","142.3999939","14.600000381","14.600000381469727","55.340000153","23.540000916","22.479999542236","7.4400000572","3.5099999905","2.0599999427795"
"410","W210","87","166.3999939","23.399999619","23.399999618530273","92.660003662","24.090000153","28.319999694824","8.2399997711","3","2.0199999809265"
"411","W211","94","97","20.200000763","20.200000762939453","25.219999313","17.040000916","21.450000762939","9.1199998856","2.4700000286","1.7699999809265"
"412","W212","105","159.6000061","23.200000763","23.200000762939453","66.980003357","21.659999847","23.35000038147","7.3800001144","3.25","1.9800000190735"
"413","W213","116","137.3999939","13","13","31.379999161","19.280000687","22.329999923706","8.4499998093","2.5299999714","1.7999999523163"
"414","W214","105","153.80000305","14.600000381","14.600000381469727","40.569999695","23.909999847","23.200000762939","9.470000267","2.6099998951","1.9299999475479"
"415","W215","101","154.3999939","16.600000381","16.600000381469727","53.439998627","23.829999924","23.989999771118","9.3599996567","2.7300000191","1.9299999475479"
"416","W216","108","113.80000305","13.800000191","13.600000381469727","47.569999695","23.899999619","28.639999389648","9.1400003433","2.75","1.9500000476837"
"417","W217","114","133.80000305","9.8000001907","9.399999618530273","20.5","16.899999619","24.989999771118","7.9600000381","3.1500000954","1.7400000095367"
"418","W218","116","133.6000061","9.8000001907","9.199999809265137","22.260000229","18.540000916","24.510000228882","8.0799999237","3.0899999142","1.7599999904633"
"419","W219","87","161","18.799999237","18.799999237060547","35","21.920000076","26.340000152588","9.7700004578","2.4600000381","1.8700000047684"
"420","W220","109","172","18.600000381","18.600000381469727","42.36000061","22.469999313","30.14999961853","9.5200004578","2.3800001144","1.8700000047684"
"421","W221","120","112.40000153","20.200000763","20.200000762939453","25.909999847","17.379999161","22.370000839233","8.970000267","2.6700000763","1.710000038147"
"422","W222","105","115.59999847","17.399999619","16.600000381469727","55.669998169","24.840000153","28.670000076294","9.7700004578","2.7899999619","1.9800000190735"
"423","W223","90","103.59999847","15.199999809","15.199999809265137","52.590000153","26.790000916","23.559999465942","9.1899995804","3.1700000763","1.9900000095367"
"424","W224","91","116","17","17","45.400001526","19.690000534","26.010000228882","8.8500003815","2.5199999809","1.8300000429153"
"425","W225","105","90.199996948","6.8000001907","6.800000190734863","28.370000839","24.790000916","24.5","9.5600004196","2.8199999332","1.9199999570847"
"426","W226","85","93.199996948","11.600000381","11.600000381469727","34.590000153","28.079999924","22.420000076294","8.8699998856","3.2999999523","1.9700000286102"
"427","W227","92","106.59999847","17.399999619","17.399999618530273","50.009998322","25.319999695","27.079999923706","10.289999962","2.6800000668","1.9099999666214"
"428","W228","105","115","16.200000763","15.800000190734863","41.880001068","28.290000916","24.60000038147","10.380000114","2.7300000191","1.9900000095367"
"429","W229","108","119.40000153","19.799999237","19.799999237060547","55.189998627","23.159999847","24.430000305176","9.6199998856","2.5699999332","1.9500000476837"
"430","W230","117","-9","14.399999619","14.399999618530273","25.569999695","22.5","24.200000762939","9.3199996948","2.7100000381","1.9400000572205"
"431","W231","107","117","13.199999809","13.199999809265137","40.060001373","23.38999939","27.260000228882","8.6899995804","2.8299999237","2.0099999904633"
"432","W233","93","114.19999695","9.1999998093","9.199999809265137","36.400001526","24.530000687","22.409999847412","8.1700000763","2.9400000572","2.039999961853"
"433","W234","94","112.80000305","11","11","43.169998169","24.469999313","22.559999465942","8.3699998856","3.0199999809","2.0499999523163"
"434","W235","89","148.3999939","24.600000381","24.600000381469727","56.419998169","21.159999847","21.959999084473","7.6100001335","3.0999999046","1.9400000572205"
"435","W236","94","101.80000305","12.800000191","12.800000190734863","50.759998322","27.190000534","25.930000305176","10.100000381","2.8099999428","1.9500000476837"
"436","W237","105","115.80000305","20.399999619","20","72.550003052","22.870000839","28.360000610352","9.5799999237","2.4200000763","1.8700000047684"
"437","W238","82","95.400001526","14","14","36.200000763","21.170000076","23.760000228882","9.2399997711","2.6500000954","1.8300000429153"
"438","W239","99","109.80000305","23.600000381","23.600000381469727","54.409999847","19.809999466","24.920000076294","8.1899995804","2.6900000572","1.8099999427795"
"439","W240","93","111.59999847","16.399999619","16.399999618530273","45.029998779","29.030000687","23.159999847412","9.8400001526","2.7799999714","2.0199999809265"
"440","W241","102","119.19999695","17.600000381","17.600000381469727","51.509998322","24.020000458","26.780000686646","8.8500003815","3.0499999523","1.9400000572205"
"441","W242","115","106.19999695","19.600000381","19.600000381469727","44.319999695","25.569999695","24.60000038147","9.5600004196","3.0099999905","2.0199999809265"
"442","W243","98","105.59999847","11","11","53.580001831","26.25","28.729999542236","9.9899997711","2.75","1.9199999570847"
"443","W244","98","102.40000153","9.1999998093","9.199999809265137","38.069999695","26.090000153","28.219999313354","9.9399995804","2.9700000286","1.9099999666214"
"444","W245","92","121.59999847","14.399999619","10.800000190734863","12.75","18.409999847","24.10000038147","9.0399999619","2.7000000477","1.7999999523163"
"445","W246","105","151","26.399999619","26.399999618530273","51.529998779","24.879999161","21.239999771118","8.8900003433","2.8099999428","2.0899999141693"
"446","W247","92","170.19999695","15.199999809","15.199999809265137","49.590000153","24.340000153","27.379999160767","8.279999733","3.0899999142","2"
"447","W248","92","145.3999939","16.799999237","16.799999237060547","34.340000153","21.780000687","24.370000839233","8.8699998856","3.1400001049","1.9199999570847"
"448","W249","80","125.80000305","11.199999809","11.199999809265137","30.020000458","36.330001831","21.379999160767","9.6999998093","3.6400001049","2.3099999427795"
"449","W250","83","123.19999695","10","10","25.870000839","37.459999084","19.809999465942","9.7600002289","3.7799999714","2.2400000095367"
"450","W251","91","129.80000305","9.3999996185","9.399999618530273","29.239999771","25.950000763","20.700000762939","8.5","3.0799999237","1.9400000572205"
"451","W252","112","178","10.800000191","10.800000190734863","34.150001526","22.280000687","29.239999771118","9.3000001907","2.4900000095","1.8500000238419"
"452","W253","101","146.19999695","10.600000381","10.600000381469727","43.119998932","30.200000763","23.770000457764","10.039999962","3.0799999237","1.960000038147"
"453","W254","102","143.3999939","8.8000001907","8.800000190734863","33.200000763","29.239999771","24.260000228882","9.7700004578","3.1099998951","1.960000038147"
"454","W255","103","145.80000305","17","17","49.880001068","20.239999771","26.190000534058","10.029999733","1.9600000381","1.8400000333786"
"455","W256","106","160","16.399999619","16.399999618530273","28.729999542","20.040000916","25","8.2600002289","2.75","1.9900000095367"
"456","W257","102","171.6000061","7.8000001907","7.800000190734863","29.569999695","28.819999695","26.579999923706","9.75","3.4300000668","2.039999961853"
"457","W258","92","158.3999939","17.600000381","17.600000381469727","33.529998779","20.850000381","27.170000076294","8.1499996185","2.7599999905","1.960000038147"
"458","W259","96","106","11.800000191","11.800000190734863","57.479999542","26.549999237","26.559999465942","10.270000458","2.8299999237","1.960000038147"
"459","W260","90","134","8.3999996185","8.399999618530273","32.799999237","26.629999161","24.170000076294","9.0500001907","3.1600000858","2.0899999141693"
"460","W261","85","132.3999939","24.799999237","24.799999237060547","37.25","25.88999939","19.610000610352","7.5799999237","3.4600000381","2.25"
"461","W262","69","83.800003052","25.399999619","25.399999618530273","42.450000763","23.590000153","20.479999542236","7.3499999046","3.3299999237","2.0699999332428"
"462","W263","112","114.80000305","15","15","32.590000153","17.399999619","27.479999542236","8.3500003815","2.9600000381","1.8099999427795"
"463","W264","87","91.400001526","21.600000381","19.799999237060547","44.619998932","24.100000381","22.590000152588","7.9899997711","3.1300001144","2.039999961853"
"464","W265","88","120.40000153","15.399999619","15.399999618530273","43.5","21.590000153","27.299999237061","8.6000003815","2.9900000095","1.7799999713898"
"465","W266","124","132.6000061","12.600000381","12.600000381469727","-9","-9","24.569999694824","7.4099998474","2.4900000095","1.5800000429153"
"466","W267","83","114.40000153","14.699999809","14.699999809265137","49.720001221","22.590000153","24.020000457764","8.8400001526","2.6800000668","1.9800000190735"
"467","W268","89","91.400001526","22.600000381","22.600000381469727","47.520000458","23.170000076","23.719999313354","7.9000000954","3.0299999714","2"
"468","W269","88","96","14.199999809","14.199999809265137","53.080001831","21.270000458","20.530000686646","8.1000003815","2.9900000095","1.9099999666214"
"469","W270","85","99","13","13","43.209999084","19.719999313","20.739999771118","7.6799998283","2.8399999142","1.9199999570847"
"470","W271","78","95.800003052","16.600000381","16.600000381469727","48.11000061","25.209999084","22.809999465942","8.8199996948","2.9700000286","2.039999961853"
"471","W272","117","155.6000061","17.600000381","17.399999618530273","49.720001221","26.309999466","25.340000152588","8.7100000381","3.2200000286","2.0899999141693"
"472","W273","109","156.19999695","10.199999809","10.199999809265137","35.189998627","16","30.35000038147","7.4499998093","2.6700000763","1.7799999713898"
"473","W274","66","70.800003052","19","16.600000381469727","27.059999466","23.409999847","16.079999923706","7.3699998856","3.1800000668","2.1199998855591"
"474","W275","113","148.19999695","7.8000001907","7.800000190734863","28.649999619","15.640000343","26.450000762939","6.1300001144","3.1700000763","1.9800000190735"
"475","W276","109","160.19999695","17","16.600000381469727","42.409999847","23.540000916","28.379999160767","8.1700000763","3.1199998856","2.0599999427795"
"476","W277","102","142","16.799999237","16.799999237060547","32.520000458","26.75","24.440000534058","8.720000267","3.3099999428","2.039999961853"
"477","W278","103","146.6000061","16.799999237","16.799999237060547","39.450000763","26.290000916","24.459999084473","8.6700000763","3.0599999428","2"
"478","W279","103","166.6000061","12.800000191","12.800000190734863","43.340000153","22.88999939","28.579999923706","7.9899997711","3.2000000477","1.9800000190735"
"479","W280","109","145.80000305","26.399999619","24.799999237060547","49.270000458","26.530000687","22.079999923706","8.3800001144","3.3099999428","2.1500000953674"
"480","W281","105","150","19","19","23.819999695","25.829999924","27.370000839233","7.9299998283","3.7300000191","2.210000038147"
"481","W282","124","134.80000305","-9","-9","-9","-9","-9","-9","-9","-9"
"482","W283","73","68.400001526","10.399999619","9.800000190734863","11.960000038","26.88999939","17.040000915527","7.3899998665","3.7100000381","2.289999961853"
"483","W284","117","135.3999939","10","10","19","15.859999657","21.729999542236","7.8699998856","2.4600000381","1.7599999904633"
"484","W285","116","134.6000061","10.199999809","10.199999809265137","24.479999542","21.489999771","23.200000762939","8.970000267","2.9300000668","1.9400000572205"
"485","W286","103","154.80000305","24","24","31.399999619","24.260000229","22.85000038147","8.7100000381","2.9400000572","2.0799999237061"
"486","W287","100","150.19999695","15.199999809","15.199999809265137","40.880001068","22.739999771","25.379999160767","8.25","3.0699999332","2.0199999809265"
"487","W288","103","144.19999695","7.4000000954","7.400000095367432","26.149999619","32.009998322","24.559999465942","10.369999886","3.0499999523","2.1099998950958"
"488","W289","99","104.40000153","14","14","31.799999237","24.299999237","23.5","9.6099996567","2.7300000191","1.960000038147"
"489","W290","102","116.40000153","17.600000381","17.600000381469727","39.86000061","23.629999161","23.559999465942","7.5300002098","3.4200000763","2.1600000858307"
"490","W291","105","96.599998474","-9","-9","-9","-9","-9","-9","-9","-9"
"491","W292","97","164.19999695","23.600000381","23.600000381469727","38.979999542","20.559999466","22.920000076294","7.5799999237","2.7599999905","2"
"492","W293","113","83.400001526","17.600000381","17.600000381469727","41.400001526","25.959999084","23.860000610352","8.8599996567","3.1600000858","1.9900000095367"
"493","W294","104","118.80000305","-9","-9","-9","-9","-9","8.4399995804","2.4000000954","1.7999999523163"
"494","W295","106","99.599998474","24.399999619","24.399999618530273","47.319999695","22.969999313","25.219999313354","9.75","2.7000000477","1.960000038147"
"495","W296","102","138.80000305","17.399999619","17.399999618530273","34.900001526","20.370000839","24.459999084473","8.3800001144","3","1.8999999761581"
"496","W297","102","161.19999695","11.399999619","11.399999618530273","24.909999847","18.020000458","24.39999961853","7.9800000191","2.6700000763","1.8099999427795"
"497","W298","104","95.199996948","21.399999619","21.399999618530273","39.209999084","20","22.469999313354","9.4600000381","2.5299999714","1.8099999427795"
"498","W299","93","90.800003052","22.200000763","22.200000762939453","36.959999084","18.739999771","20.360000610352","7.8200001717","2.9500000477","1.9099999666214"
"499","W300","97","107.19999695","7.5999999046","7.599999904632568","29.129999161","19.469999313","24.659999847412","8.9099998474","2.3499999046","1.8300000429153"
"500","W301","105","95.599998474","20.399999619","20.399999618530273","38.479999542","23.059999466","24.200000762939","9.8699998856","2.7400000095","1.8899999856949"
"501","W302","105","166.80000305","18","18","46.069999695","25.190000534","25.930000305176","8.0699996948","3.1600000858","2.1099998950958"
"502","W303","96","157.80000305","11.399999619","11.399999618530273","32.36000061","26.790000916","23.450000762939","9.4200000763","3.2300000191","1.9099999666214"
"503","W304","117","95.800003052","13.600000381","11.399999618530273","25.069999695","17.239999771","22.809999465942","8.75","2.6400001049","1.8200000524521"
"504","W305","82","74","15.600000381","15.600000381469727","22.280000687","25.979999542","18.059999465942","7.8000001907","3.4200000763","2.210000038147"
"505","W306","119","129.6000061","15.600000381","15.600000381469727","28.409999847","19.86000061","27.219999313354","9.0399999619","2.3699998856","1.7999999523163"
"506","W307","94","101","-9","-9","-9","-9","-9","9.4200000763","2.6700000763","1.9099999666214"
"507","W308","120","109.40000153","15.800000191","15.800000190734863","30.020000458","23.559999466","24.739999771118","9.4499998093","2.6600000858","1.9900000095367"
"508","W309","120","112.19999695","25","25","50.159999847","23.850000381","24.879999160767","10.159999847","2.6400001049","1.8700000047684"
"509","W310","111","111.19999695","23.200000763","23.200000762939453","54.689998627","19.36000061","26.790000915527","8.6700000763","2.5099999905","1.8300000429153"
"510","W311","111","100.59999847","16.799999237","17","53.650001526","23.899999619","22.60000038147","9.3400001526","2.7200000286","1.9400000572205"
"511","W312","105","111.59999847","20.799999237","20.799999237060547","55.130001068","23.559999466","22.670000076294","9.5100002289","2.6800000668","1.9700000286102"
"512","W313","94","110.40000153","23.200000763","23.200000762939453","42.459999084","21.36000061","22.989999771118","9.9300003052","2.5599999428","1.8799999952316"
"513","W314","95","111.19999695","16.799999237","16.799999237060547","45.759998322","20.629999161","25","9.3500003815","2.4100000858","1.8300000429153"
"514","W315","105","102","17.799999237","17.799999237060547","29.399999619","23.799999237","22.159999847412","9.4799995422","2.6800000668","1.9900000095367"
"515","W316","92","99","21.200000763","21.200000762939453","37.400001526","25.909999847","24.309999465942","10.770000458","2.5199999809","1.960000038147"
"516","W317","106","110.40000153","16.200000763","16.200000762939453","42.61000061","24","22.739999771118","9.5900001526","2.7599999905","1.9900000095367"
"517","W318","77","139.30000305","23.799999237","23.799999237060547","61.220001221","23.020000458","23.020000457764","8.4300003052","2.8699998856","1.9800000190735"
"518","W319","127","174.19999695","6.8000001907","6.599999904632568","12.880000114","24.620000839","26.280000686646","8.3000001907","3.5799999237","2.2000000476837"
"519","W320","124","177.19999695","6.4000000954","6.400000095367432","13.069999695","26.819999695","19.950000762939","8.0200004578","3.1700000763","2.1900000572205"
"520","W321","117","160.6000061","10.800000191","10.800000190734863","30.239999771","22.659999847","24.479999542236","7.8600001335","3.3099999428","2.0699999332428"
"521","W322","93","109","12.75","12.75","36.909999847","23.370000839","25.879999160767","8.6000003815","2.6800000668","1.9400000572205"
"522","W323","115","136.3999939","8.8000001907","8.800000190734863","19.090000153","22.040000916","23.969999313354","8.6199998856","3.7599999905","2"
"523","W324","125","156","6.8000001907","6.800000190734863","20.180000305","27.600000381","28.579999923706","8.8299999237","3.7599999905","2.0799999237061"
"524","W325","117","135.80000305","9.8000001907","8.600000381469727","10.699999809","21.489999771","22.389999389648","7.1900000572","3.6099998951","2.2400000095367"
"525","W326","125","155.3999939","7.8000001907","7.800000190734863","24.959999084","28.350000381","30.229999542236","8.4399995804","3.8199999332","2.0899999141693"
"526","W327","88","89.800003052","13.800000191","13.800000190734863","35.330001831","26.129999161","20.059999465942","7.2199997902","3.2699999809","2.3199999332428"
"527","W328","91","117.40000153","8","8","7.6900000572","34.340000153","24.969999313354","10.130000114","3.7000000477","2.4000000953674"
"528","W329","107","147.3999939","9.6000003815","9.600000381469727","34.709999084","26.180000305","26.700000762939","8.4499998093","3.4400000572","2.0499999523163"
"529","W330","93","149.6000061","15.399999619","15.399999618530273","33.919998169","22.659999847","21.770000457764","8.2100000381","3.0399999619","2.0299999713898"
